Workbook
Name BlockCode: B6_Dashboard!$B$3
Name BW: B6_Nutrition_Targets!$B$4
Name DayTypes: B6_Exercise_Library!$K$4:$K$9
Name ExerciseIDs: B6_Exercise_Library!$A$4:$A$43

Sheet B6_Dashboard
A1: B6 — Performance-Block Dashboard (Google-Sheets-Version)
A3: Block = | B3: B6 | C3: Folgeblock: diese Zelle auf B7 setzen, Sheets klonen, Prefix anpassen.
A5: Situationsbewertung
A6: • | B6: Fortgeschrittener, autodidaktischer Hand-Balancer (1,90 m, ~80,8 kg). Skills von Canes auf den Boden uebertragen.
A7: • | B7: Erster Performance-Block nach 6-Monats-Diaet (90 -> ~81 kg). Maintenance, KEIN Defizit, begrenzte Recovery.
A8: • | B8: OAHS: links stabil, rechts limitiert (Schulter-Mobility/Koordination). Unilaterale Arbeit leicht zugunsten rechts.
A9: • | B9: 90 Push-up: 1 saubere Rep meist gut, 2. Rep sehr schwer. Ziel = 3 saubere Reps am Stueck.
A10: • | B10: Ruecken (a) LWS/sakral: alte Reizung nach RDL/Deadlift, am Ausheilen -> Hinge-Rebuild ueber Pain-Gates.
A11: • | B11: Ruecken (b) BWS: Einklemm-Gefuehl mittig/oben, ohne Ausstrahlen -> Mobility-/Tissue-Baustein, monitoren, KEINE Diagnose.
A12: • | B12: Prinzip: Skill-Qualitaet + Gelenk-/Rueckengesundheit schlagen Volumen und Fatigue-PRs.
A14: Zielhierarchie (skill-first; Gesundheit als Constraint)
A15: 1) 90 Push-up -> 3 saubere Reps am Stueck (Hauptziel).
A16: 2) OAHS Shapes + Flag-Pfad (Straddle -> Shapes; supported Pre-Flag -> Sideline-Hold -> reduzierter Support -> seltene freie Versuche).
A17: 3) Modern-Handstand-Linie und weitere Shapes (Flieger/Figa offen, Fernziel, nicht erzwingen).
A18: 4) Kraftunterbau (Planche/Push/Pull) als Mittel zum Zweck fuer 1-3.
A19: 5) Hypertrophie nur soweit sie Skills oder Schultergesundheit stuetzt.
A21: Wochen-Themen & Volumen-Leitplanken (effektive harte Saetze/Woche)
A22: Woche / Thema | B22: Push* | C22: Pull/Upper-Back | D22: Beine | E22: 90-Touches | F22: OAHS-Bloecke | G22: Planche-Dosen
A23: W1 Re-Entry / Baseline | B23: 12-14 | C23: 14-16 | D23: 8-10 | E23: 3 (1 schwer / 2 leicht) | F23: 3 | G23: 2
A24: W2 Build | B24: 14-16 | C24: 16-18 | D24: 10-12 | E24: 3 | F24: 3 | G24: 2-3
A25: W3 Peak | B25: 15-16 | C25: 17-18 | D25: 12-14 | E25: 3 (1 schwer / 2 assist) | F25: 3 | G25: 3
A26: W4 Consolidate / Test | B26: 9-12 | C26: 10-12 | D26: 6-8 | E26: 2 (Quality-Test) | F26: beste Holds | G26: 1
A27: *Push zaehlt 90, Planche, Dips, HSPU, Vertikalpress zusammen. Taegliche Skill-Mikrodosis zaehlt NICHT ins harte Volumen.
A29: Live-Metriken (Formeln aus Log / Weekly_Summary)
A30: Metrik | B30: Wert | C30: Target | D30: Interpretation | E30: Action
A31: Geloggte Zeilen gesamt | B31: =COUNTA('B6_Training_Log'!$A$2:$A$1000) -> 0 | C31: wachsend | D31: =IF(B31=0,"noch leer",IF(B31<10,"wenig Daten","laeuft")) -> 0 | E31: Taeglich 1 Zeile/Uebung anhaengen.
A32: Durchschnitt TopRPE (Block) | B32: =IFERROR(AVERAGE('B6_Training_Log'!$J$2:$J$1000),0) -> 0 | C32: 7,0-8,5 | D32: =IF(B32=0,"-",IF(B32>8.7,"zu hoch",IF(B32<6.5,"Luft nach oben","im Ziel"))) -> 0 | E32: Wenn dauerhaft >8,5: Akzessorik kuerzen, Skill frisch halten.
A33: Durchschnitt Pain (Block) | B33: =IFERROR(AVERAGE('B6_Training_Log'!$K$2:$K$1000),0) -> 0 | C33: <2,5 | D33: =IF(B33<2.5,"OK",IF(B33<3.5,"beobachten","regredieren")) -> 0 | E33: Pain >3 oder Morgen schlechter -> Stufe runter (Rules).
A34: Pain-Flags >=4 | B34: =COUNTIF('B6_Training_Log'!$K$2:$K$1000,">=4") -> 0 | C34: 0 | D34: =IF(B34=0,"OK","STOP/abklaeren") -> 0 | E34: Scharf/neurologisch -> Uebung stoppen.
A35: Saubere 90-Reps gesamt | B35: =SUMIFS('B6_Training_Log'!$N$2:$N$1000,'B6_Training_Log'!$D$2:$D$1000,"90") -> 0 | C35: Trend hoch | D35: =IF(B35=0,"-","Fortschritt loggen") -> 0 | E35: Ziel: Rep 1 submaximal -> Weg zu 3 sauberen Reps.
A36: OAHS Best-Hold links (s) | B36: =MAXIFS('B6_Training_Log'!$M$2:$M$1000,'B6_Training_Log'!$E$2:$E$1000,"SkillOAHS",'B6_Training_Log'!$F$2:$F$1000,"L") -> 0 | C36: Trend hoch | D36: =IF(B36=0,"-",IF(B36>=5,"stabil","aufbauen")) -> 0 | E36: Nur saubere Holds zaehlen.
A37: OAHS Best-Hold rechts (s) | B37: =MAXIFS('B6_Training_Log'!$M$2:$M$1000,'B6_Training_Log'!$E$2:$E$1000,"SkillOAHS",'B6_Training_Log'!$F$2:$F$1000,"R") -> 0 | C37: naeher an links | D37: =IF(B37=0,"-",IF(B37>=MAXIFS('B6_Training_Log'!$M$2:$M$1000,'B6_Training_Log'!$E$2:$E$1000,"SkillOAHS",'B6_Training_Log'!$F$2:$F$1000,"L")*0.7,"Asymmetrie ok","rechts priorisieren")) -> 0 | E37: Rechts mehr Reps/Holds, Overhead/BWS-Mobility.
A38: Flag Best-Hold links (s) | B38: =MAXIFS('B6_Training_Log'!$M$2:$M$1000,'B6_Training_Log'!$E$2:$E$1000,"SkillFlag",'B6_Training_Log'!$F$2:$F$1000,"L") -> 0 | C38: Trend hoch | D38: =IF(B38=0,"-","Support reduzieren wenn sauber") -> 0 | E38: Support nur bei sauberem Re-Entry senken.
A39: Flag Best-Hold rechts (s) | B39: =MAXIFS('B6_Training_Log'!$M$2:$M$1000,'B6_Training_Log'!$E$2:$E$1000,"SkillFlag",'B6_Training_Log'!$F$2:$F$1000,"R") -> 0 | C39: Trend hoch | D39: =IF(B39=0,"-","Support reduzieren wenn sauber") -> 0 | E39: Kontrollierter Return Pflicht.

Sheet B6_Schedule
A1: B6 — Schedule (4 Wochen x 5 Tage + taegliche Skill-Mikrodosis)
A2: Jede Einheit startet mit Skill-Mikrodosis (8-15 min). Keine Max-Versuche an Nicht-Skill-Tagen. Skill nie ans Ende ermuedeter Sessions.
A3: Woche | B3: Tag | C3: Day Type | D3: Main Focus | E3: Skill-Touchpoint | F3: Strength | G3: Back/Hinge-Stress | H3: Placement | I3: Progression-Target | J3: Notes
A4: W1 Re-Entry/Baseline | B4: T1 | C4: T1 | D4: 90 Heavy + OAHS Line + Vertikalkraft | E4: OAHS Line/Weight-Shift + 2-3 saubere Holds/Seite | F4: 90 Cluster (Singles->Double) + Pseudo-Planche/Planche-Hold + Weighted Pull-up + Scap/AR | G4: niedrig (kein Hinge) | H4: nach Ruhe-/Low-Tag (hoechster CNS-Tag) | I4: Baseline: 90 4 Saetze x1, RPE<=8; Holds Qualitaet finden | J4: Skill-Mikrodosis zuerst; bei Qualitaetsverlust 90 -> erst Push-Akzessorik kuerzen
A5: W1 Re-Entry/Baseline | B5: T2 | C5: T2 | D5: OAHS Shapes + Pull-Volumen | E5: OAHS Shape-Density (Straddle->Half/Diamond), nur saubere Holds | F5: Chest-supported/Seal Row + Pull-up/Pulldown + Rear-Delt/Face Pull + Hollow/Compression | G5: niedrig (kein LWS-Reiz) | H5: Pull-Schwerpunkt, Skill frisch | I5: Shape-Baseline, saubere Straddle-Holds zaehlen | J5: Skill-Mikrodosis zuerst; bei Qualitaetsverlust 90 -> erst Push-Akzessorik kuerzen
A6: W1 Re-Entry/Baseline | B6: T3 | C6: T3 | D6: Beine (wirbelsaeulen-freundlich) + Core + BWS-Mobility | E6: nur Line, keine Max-Versuche | F6: BSS/FFE Split Squat + Leg Press/Hack/Belt + Ham Curl + Calves + Pallof/Dead Bug/Side Plank | G6: Gate-gesteuert: Hinge mit Dowel -> entscheidet den Tag; KEIN schwerer Hinge | H6: BWS-Mobility-Block fix (Extension/Rotation, ribs down, Atmung) | I6: Hinge-Gate testen (Level), Lasten konservativ | J6: Skill-Mikrodosis zuerst; bei Qualitaetsverlust 90 -> erst Push-Akzessorik kuerzen
A7: W1 Re-Entry/Baseline | B7: T4 | C7: T4 | D7: OAHS Flag/Transitions + 90 Light/Assisted | E7: Laengeres Warm-up + Side-Body-Aktivierung | F7: Supported Pre-Flag-Lean + Sideline/Mini-Flag + 90 leicht/Negativ+Pause + Vertikalpress + OA/Chest Row | G7: niedrig (ribs down, kein LWS-Arch) | H7: Support nur reduzieren wenn Re-Entry sauber | I7: Support hoch, Flag-Geometrie lernen | J7: Skill-Mikrodosis zuerst; bei Qualitaetsverlust 90 -> erst Push-Akzessorik kuerzen
A8: W1 Re-Entry/Baseline | B8: T5 | C8: T5 | D8: Upper Hypertrophy (getrimmt) + 3. 90-Mikrodosis | E8: 90 Technik/Negativ-Mikro (low volume, sauber) | F8: Push-Pump (Ring-Dips/Maschine/Deficit) + Pull-Pump (Row+Pulldown/Chin) + Schultern + Arme opt. | G8: niedrig | H8: BWS-Mobility + Lat/Pec/Forearm + Atmung-Downshift | I8: Pump leicht, Technik 90 Negativ | J8: Skill-Mikrodosis zuerst; bei Qualitaetsverlust 90 -> erst Push-Akzessorik kuerzen
A9: W2 Build | B9: T1 | C9: T1 | D9: 90 Heavy + OAHS Line + Vertikalkraft | E9: OAHS Line/Weight-Shift + 2-3 saubere Holds/Seite | F9: 90 Cluster (Singles->Double) + Pseudo-Planche/Planche-Hold + Weighted Pull-up + Scap/AR | G9: niedrig (kein Hinge) | H9: nach Ruhe-/Low-Tag (hoechster CNS-Tag) | I9: 90 5 Saetze, Cluster 1->Double anpeilen, RPE 8-8,5 | J9: Skill-Mikrodosis zuerst; bei Qualitaetsverlust 90 -> erst Push-Akzessorik kuerzen
A10: W2 Build | B10: T2 | C10: T2 | D10: OAHS Shapes + Pull-Volumen | E10: OAHS Shape-Density (Straddle->Half/Diamond), nur saubere Holds | F10: Chest-supported/Seal Row + Pull-up/Pulldown + Rear-Delt/Face Pull + Hollow/Compression | G10: niedrig (kein LWS-Reiz) | H10: Pull-Schwerpunkt, Skill frisch | I10: Shape-Density +1 Block, Uebergang Half-Straddle | J10: Skill-Mikrodosis zuerst; bei Qualitaetsverlust 90 -> erst Push-Akzessorik kuerzen
A11: W2 Build | B11: T3 | C11: T3 | D11: Beine (wirbelsaeulen-freundlich) + Core + BWS-Mobility | E11: nur Line, keine Max-Versuche | F11: BSS/FFE Split Squat + Leg Press/Hack/Belt + Ham Curl + Calves + Pallof/Dead Bug/Side Plank | G11: Gate-gesteuert: Hinge mit Dowel -> entscheidet den Tag; KEIN schwerer Hinge | H11: BWS-Mobility-Block fix (Extension/Rotation, ribs down, Atmung) | I11: Hinge ggf. Level +1, Beinlast + | J11: Skill-Mikrodosis zuerst; bei Qualitaetsverlust 90 -> erst Push-Akzessorik kuerzen
A12: W2 Build | B12: T4 | C12: T4 | D12: OAHS Flag/Transitions + 90 Light/Assisted | E12: Laengeres Warm-up + Side-Body-Aktivierung | F12: Supported Pre-Flag-Lean + Sideline/Mini-Flag + 90 leicht/Negativ+Pause + Vertikalpress + OA/Chest Row | G12: niedrig (ribs down, kein LWS-Arch) | H12: Support nur reduzieren wenn Re-Entry sauber | I12: Support leicht reduzieren wenn sauber | J12: Skill-Mikrodosis zuerst; bei Qualitaetsverlust 90 -> erst Push-Akzessorik kuerzen
A13: W2 Build | B13: T5 | C13: T5 | D13: Upper Hypertrophy (getrimmt) + 3. 90-Mikrodosis | E13: 90 Technik/Negativ-Mikro (low volume, sauber) | F13: Push-Pump (Ring-Dips/Maschine/Deficit) + Pull-Pump (Row+Pulldown/Chin) + Schultern + Arme opt. | G13: niedrig | H13: BWS-Mobility + Lat/Pec/Forearm + Atmung-Downshift | I13: Pump +1-2 Saetze, 90 Negativ +Pause | J13: Skill-Mikrodosis zuerst; bei Qualitaetsverlust 90 -> erst Push-Akzessorik kuerzen
A14: W3 Peak | B14: T1 | C14: T1 | D14: 90 Heavy + OAHS Line + Vertikalkraft | E14: OAHS Line/Weight-Shift + 2-3 saubere Holds/Seite | F14: 90 Cluster (Singles->Double) + Pseudo-Planche/Planche-Hold + Weighted Pull-up + Scap/AR | G14: niedrig (kein Hinge) | H14: nach Ruhe-/Low-Tag (hoechster CNS-Tag) | I14: 90 Peak: saubere Double in 1-2 Saetzen, RPE<=8,5 (kein Failure) | J14: Skill-Mikrodosis zuerst; bei Qualitaetsverlust 90 -> erst Push-Akzessorik kuerzen
... A23: W4 Consolidate/Test | B23: T5 | C23: T5 | D23: Upper Hypertrophy (getrimmt) + 3. 90-Mikrodosis | E23: 90 Technik/Negativ-Mikro (low volume, sauber) | F23: Push-Pump (Ring-Dips/Maschine/Deficit) + Pull-Pump (Row+Pulldown/Chin) + Schultern + Arme opt. | G23: niedrig | H23: BWS-Mobility + Lat/Pec/Forearm + Atmung-Downshift | I23: Mini-Dosis, Regeneration | J23: Skill-Mikrodosis zuerst; bei Qualitaetsverlust 90 -> erst Push-Akzessorik kuerzen

Sheet B6_Plan_Detail
A1: B6 — Plan Detail (Uebungsbloecke je Tag T1-T5)
A2: W1-W4 = Saetze x Reps/Holds je Woche. Skill immer zuerst, nie ermuedet.
A3: Day Type | B3: Block | C3: Uebung/Drill | D3: W1 | E3: W2 | F3: W3 | G3: W4 | H3: RPE/Quality | I3: Rest | J3: Progression/Gate | K3: Back-Rule | L3: Notes
A4: ALLE | B4: Warm-up | C4: Wrist Prep + Handgelenks-Kraeftigung | D4: 1 Block | E4: 1 | F4: 1 | G4: 1 | H4: Qual 4-5 | I4: - | J4: fix vor jeder Einheit | K4: neutral | L4: wegen hoher Handstand-Last
A5: ALLE | B5: Skill-Mikrodosis | C5: HS Line/Balance | D5: 8-15 min | E5: kurz | F5: kurz | G5: kurz | H5: Qual 4-5 | I5: - | J5: Frequenz > Intensitaet | K5: ribs down | L5: keine Max-Versuche an Nicht-Skill-Tagen
A6: ALLE | B6: Skill-Mikrodosis | C6: OAHS Line / Weight-Shift | D6: kurz | E6: kurz | F6: kurz | G6: kurz | H6: Qual 4-5 | I6: - | J6: taeglich, nur sauber | K6: neutral | L6: rechts leicht bevorzugen
A7: T1 | B7: Skill | C7: OAHS Line + 2-3 saubere Holds/Seite | D7: 3/Seite | E7: 3 | F7: 3 | G7: 2 (Test) | H7: Qual 4-5 | I7: 60-90s | J7: nur saubere Holds zaehlen | K7: neutral | L7: rechts ggf. +1 Hold
A8: T1 | B8: T1 Haupt | C8: 90 Heavy — Cluster Singles->Double | D8: 4x1 | E8: 5x1 | F8: 2x2 / Rest 1 | G8: Quality-Test | H8: RPE 8-8,5 | I8: 2-3 min | J8: immer 1 Rep VOR Formverlust stoppen; nie Failure default | K8: kein Arch, ribs down | L8: Weg zu 3: Kraftdach + Cluster + Hebel
A9: T1 | B9: Planche | C9: Pseudo-Planche Push-up ODER Adv-Tuck/Straddle Hold | D9: 3x6-8 / 3x8-12s | E9: 3 | F9: 3 | G9: 1 | H9: RPE 7-8 | I9: 2 min | J9: Straight-Arm-Fokus; Lean/Hold steigern | K9: neutral | L9: Schluessel-Assistance fuer 90
A10: T1 | B10: Vertikal-Pull | C10: Weighted Pull-up | D10: 4x4 | E10: 4-5x3-5 | F10: 5x3 | G10: 3x3 | H10: RPE 7-8 | I10: 2-3 min | J10: Last +, Reps sauber | K10: neutral | L10: Zug-Kraftbasis
A11: T1 | B11: Schulter-Hygiene | C11: Scap/Serratus + External Rotation | D11: 2x10-15 | E11: 2 | F11: 2 | G11: 1 | H11: RPE 6 | I11: 45-60s | J11: Qualitaet, kein Ego | K11: neutral | L11: Schultergesundheit
A12: T2 | B12: Skill | C12: OAHS Shape-Density (Straddle->Half/Diamond) | D12: 3 Bloecke | E12: 3 | F12: 3 | G12: beste Holds | H12: Qual 4-5 | I12: 60-90s | J12: nur saubere Holds; Progression der Form | K12: neutral | L12: rechts priorisieren
A13: T2 | B13: Haupt-Zug | C13: Chest-supported / Seal Row | D13: 3x10-12 | E13: 4x10-12 | F13: 4x8-10 | G13: 2x10 | H13: RPE 7-8 | I13: 90s | J13: Last/Reps + | K13: brustgestuetzt, kein LWS-Reiz | L13: oberer Ruecken
A14: T2 | B14: Vertikal-Zug | C14: Pull-up / Lat Pulldown Volumen | D14: 3x8-10 | E14: 4x8-10 | F14: 4x6-8 | G14: 2x8 | H14: RPE 7-8 | I14: 90s | J14: Volumen steuern | K14: neutral | L14: Lat-Volumen
... A35: T5 | B35: Regen | C35: BWS-Mobility + Lat/Pec/Forearm + Atmung-Downshift | D35: 1 Block | E35: 1 | F35: 1 | G35: 1 | H35: Qual 4-5 | I35: - | J35: Downshift Parasympathikus | K35: BWS-Pflege | L35: Recovery

Sheet B6_Exercise_Library
A1: B6 — Exercise Library (Referenz fuer Voice-Logging)
A2: Aliase Komma-getrennt, deutsch + englisch. Logging mappt gesprochene Begriffe auf ExerciseID. TracksLoad/Hold/Side = J/N.
A3: ExerciseID | B3: Aliases | C3: DisplayName | D3: Category | E3: MuscleTag | F3: TracksLoad | G3: TracksHold | H3: TracksSide | K3: DayTypes
A4: 90 | B4: neunzig grad,90,90 grad,90 grad liegestuetz,ninety,90 degree push up,neunzig | C4: 90 Degree Push-up | D4: Skill90 | E4: Brust/Schulter/Planche | F4: N | G4: N | H4: N | K4: T1
A5: OAHS_line | B5: oahs,oahs line,einarmiger handstand,one arm handstand,weight shift,gewichtsverlagerung,oahs holds | C5: OAHS Line / Weight-Shift / Holds | D5: SkillOAHS | E5: Schulter/Core/Balance | F5: N | G5: J | H5: J | K5: T2
A6: OAHS_shapes | B6: oahs shapes,straddle,half straddle,diamond,legs together,oahs formen,shape density | C6: OAHS Shape-Density | D6: SkillOAHS | E6: Schulter/Core/Balance | F6: N | G6: J | H6: J | K6: T3
A7: HS_line | B7: handstand,handstand line,hs line,modern line,balance,handstand balance,linie | C7: Handstand Line / Balance | D7: SkillOAHS | E7: Schulter/Core/Balance | F7: N | G7: J | H7: N | K7: T4
A8: OAHS_flag_supported | B8: supported flag,pre flag,supported pre flag,flag supported,unterstuetzter flag,pre flag lean | C8: Supported Pre-Flag Lean | D8: SkillFlag | E8: Schulter/Side-Body | F8: N | G8: J | H8: J | K8: T5
A9: flag_sideline | B9: sideline,sideline hold,mini flag,flag hold,flag,seitlicher flag | C9: Sideline / Mini-Flag Hold | D9: SkillFlag | E9: Schulter/Side-Body | F9: N | G9: J | H9: J | K9: Rest
A10: pseudo_planche_pushup | B10: pseudo planche,pseudo planche push up,ppp,pseudo planche liegestuetz | C10: Pseudo-Planche Push-up | D10: Planche | E10: Schulter/Brust | F10: N | G10: N | H10: N
A11: planche_lean | B11: planche lean,lean,planche neigung,plankenlean | C11: Planche Lean | D11: Planche | E11: Schulter/Core | F11: N | G11: J | H11: N
A12: planche_hold | B12: planche hold,tuck planche,advanced tuck,adv tuck,straddle planche,planche halten | C12: Planche Hold (Tuck/Adv/Straddle) | D12: Planche | E12: Schulter/Core | F12: N | G12: J | H12: N
A13: WPU | B13: weighted pull up,wpu,gewichtetes klimmziehen,klimmzug mit gewicht,weighted pullup | C13: Weighted Pull-up | D13: Pull | E13: Lat/Biceps | F13: J | G13: N | H13: N
A14: pullup | B14: pull up,pullup,klimmzug,klimmziehen | C14: Pull-up | D14: Pull | E14: Lat/Biceps | F14: J | G14: N | H14: N
A15: chin_up | B15: chin up,chinup,kinnzug,unterhand klimmzug | C15: Chin-up | D15: Pull | E15: Lat/Biceps | F15: J | G15: N | H15: N
A16: lat_pulldown | B16: lat pulldown,pulldown,latzug,latziehen | C16: Lat Pulldown | D16: Pull | E16: Lat | F16: J | G16: N | H16: N
A17: chest_row | B17: chest supported row,seal row,brustgestuetztes rudern,rudern gestuetzt | C17: Chest-Supported / Seal Row | D17: Pull | E17: Oberer Ruecken | F17: J | G17: N | H17: N
A18: oa_row | B18: one arm row,einarmiges rudern,oa row,unilateral row | C18: One-Arm Row | D18: Pull | E18: Oberer Ruecken | F18: J | G18: N | H18: J
A19: rear_delt_fly | B19: rear delt fly,reverse fly,hintere schulter,rear delt | C19: Rear-Delt Fly | D19: Pull | E19: Hintere Schulter | F19: J | G19: N | H19: N
A20: face_pull | B20: face pull,facepull,gesichtszug | C20: Face Pull | D20: Pull | E20: Hintere Schulter/Rotatoren | F20: J | G20: N | H20: N
A21: scap_serratus | B21: scap,serratus,scapula,schulterblatt,scap pull,serratus push | C21: Scap / Serratus | D21: Mobility | E21: Schulterblatt | F21: N | G21: N | H21: N
... A43: wrist_strength | B43: wrist strength,handgelenk kraft,wrist curl,handgelenk kraeftigung | C43: Wrist Strengthening | D43: Wrist | E43: Handgelenke | F43: J | G43: N | H43: N

Sheet B6_Training_Log
A1: Date | B1: DayType | C1: Week | D1: ExerciseID | E1: Category | F1: Side | G1: Sets | H1: Reps_or_Scheme | I1: Load_kg | J1: TopRPE | K1: Pain_0_10 | L1: Quality_0_5 | M1: BestHold_s | N1: CleanReps | O1: Notes | P1: Key
A2: 46181 | B2: T1 | C2: 1 | D2: 90 | E2: =IFERROR(INDEX('B6_Exercise_Library'!$D$4:$D$43,MATCH($D2,'B6_Exercise_Library'!$A$4:$A$43,0)),"") -> 0 | F2: NA | G2: 5 | H2: 1 | I2: 0 | J2: 8.5 | K2: 1 | N2: 5 | O2: Demo-Zeile: 90 Grad schwer, je 1 saubere Rep, Handgelenk gut | P2: =IF($B2="","",$B2&"_W"&$C2) -> 0
A3: 46181 | B3: T5 | C3: 1 | D3: OAHS_line | E3: =IFERROR(INDEX('B6_Exercise_Library'!$D$4:$D$43,MATCH($D3,'B6_Exercise_Library'!$A$4:$A$43,0)),"") -> 0 | F3: L | G3: 3 | L3: 4 | O3: OAHS, vor allem links, sauber | P3: =IF($B3="","",$B3&"_W"&$C3) -> 0
A4: 46181 | B4: T5 | C4: 1 | D4: OAHS_line | E4: =IFERROR(INDEX('B6_Exercise_Library'!$D$4:$D$43,MATCH($D4,'B6_Exercise_Library'!$A$4:$A$43,0)),"") -> 0 | F4: R | L4: 3 | O4: OAHS rechts, 3 von 5 Qualitaet | P4: =IF($B4="","",$B4&"_W"&$C4) -> 0
A5: 46181 | B5: T5 | C5: 1 | D5: ring_dips | E5: =IFERROR(INDEX('B6_Exercise_Library'!$D$4:$D$43,MATCH($D5,'B6_Exercise_Library'!$A$4:$A$43,0)),"") -> 0 | F5: NA | G5: 3 | H5: 10 | I5: 0 | P5: =IF($B5="","",$B5&"_W"&$C5) -> 0
A6: 46181 | B6: T5 | C6: 1 | D6: lat_pulldown | E6: =IFERROR(INDEX('B6_Exercise_Library'!$D$4:$D$43,MATCH($D6,'B6_Exercise_Library'!$A$4:$A$43,0)),"") -> 0 | F6: NA | G6: 2 | H6: 10 | I6: 65 | P6: =IF($B6="","",$B6&"_W"&$C6) -> 0
A7: 46181 | B7: T5 | C7: 1 | D7: chest_row | E7: =IFERROR(INDEX('B6_Exercise_Library'!$D$4:$D$43,MATCH($D7,'B6_Exercise_Library'!$A$4:$A$43,0)),"") -> 0 | F7: NA | G7: 2 | H7: 10 | I7: 75 | O7: Cable Rudern; Satz 2: 70 kg x10 | P7: =IF($B7="","",$B7&"_W"&$C7) -> 0
A8: 46181 | B8: T5 | C8: 1 | D8: lateral_raise | E8: =IFERROR(INDEX('B6_Exercise_Library'!$D$4:$D$43,MATCH($D8,'B6_Exercise_Library'!$A$4:$A$43,0)),"") -> 0 | F8: NA | G8: 3 | H8: 12 | I8: 8 | O8: Kurzhanteln | P8: =IF($B8="","",$B8&"_W"&$C8) -> 0
A9: 46181 | B9: T5 | C9: 1 | D9: rear_delt_fly | E9: =IFERROR(INDEX('B6_Exercise_Library'!$D$4:$D$43,MATCH($D9,'B6_Exercise_Library'!$A$4:$A$43,0)),"") -> 0 | F9: NA | G9: 3 | H9: 12 | I9: 25 | O9: Reverse Butterfly, Supersatz | P9: =IF($B9="","",$B9&"_W"&$C9) -> 0
A10: 46181 | B10: T5 | C10: 1 | D10: scap_serratus | E10: =IFERROR(INDEX('B6_Exercise_Library'!$D$4:$D$43,MATCH($D10,'B6_Exercise_Library'!$A$4:$A$43,0)),"") -> 0 | F10: NA | G10: 3 | H10: 12 | I10: 1 | O10: Y-Raises, Supersatz | P10: =IF($B10="","",$B10&"_W"&$C10) -> 0
A11: 46181 | B11: T5 | C11: 1 | D11: triceps | E11: =IFERROR(INDEX('B6_Exercise_Library'!$D$4:$D$43,MATCH($D11,'B6_Exercise_Library'!$A$4:$A$43,0)),"") -> 0 | F11: NA | G11: 3 | H11: 12 | I11: 16.5 | O11: Kabelzug | P11: =IF($B11="","",$B11&"_W"&$C11) -> 0
A12: 46181 | B12: T5 | C12: 1 | D12: biceps | E12: =IFERROR(INDEX('B6_Exercise_Library'!$D$4:$D$43,MATCH($D12,'B6_Exercise_Library'!$A$4:$A$43,0)),"") -> 0 | F12: NA | G12: 3 | H12: 10 | I12: 23.5 | O12: Kabelzug | P12: =IF($B12="","",$B12&"_W"&$C12) -> 0
A13: 46183 | B13: T1 | C13: 1 | D13: OAHS_line | E13: =IFERROR(INDEX('B6_Exercise_Library'!$D$4:$D$43,MATCH($D13,'B6_Exercise_Library'!$A$4:$A$43,0)),"") -> 0 | F13: L | G13: 2 | I13: 0 | J13: 8 | K13: 1 | L13: 5 | O13: OAHS Line, sehr stabile Holds links, solide | P13: =IF($B13="","",$B13&"_W"&$C13) -> 0
A14: 46183 | B14: T1 | C14: 1 | D14: OAHS_line | E14: =IFERROR(INDEX('B6_Exercise_Library'!$D$4:$D$43,MATCH($D14,'B6_Exercise_Library'!$A$4:$A$43,0)),"") -> 0 | F14: R | G14: 2 | I14: 0 | J14: 8 | K14: 1 | L14: 4 | O14: OAHS Line rechts, stabil | P14: =IF($B14="","",$B14&"_W"&$C14) -> 0
A15: 46183 | B15: T1 | C15: 1 | D15: OAHS_shapes | E15: =IFERROR(INDEX('B6_Exercise_Library'!$D$4:$D$43,MATCH($D15,'B6_Exercise_Library'!$A$4:$A$43,0)),"") -> 0 | F15: NA | G15: 3 | I15: 0 | J15: 8 | K15: 1 | L15: 2 | O15: Diamond Shape, eher schwach | P15: =IF($B15="","",$B15&"_W"&$C15) -> 0
A16: 46183 | B16: T1 | C16: 1 | D16: 90 | E16: =IFERROR(INDEX('B6_Exercise_Library'!$D$4:$D$43,MATCH($D16,'B6_Exercise_Library'!$A$4:$A$43,0)),"") -> 0 | F16: NA | G16: 4 | H16: 1 | I16: 0 | J16: 9 | K16: 1 | L16: 3 | N16: 2 | O16: 4x1 Cluster, lange Pausen; keine Kraft Bottom Position; Rep2+3 sauber (RPE7-8), Rep1+4 (8-9) unsauber | P16: =IF($B16="","",$B16&"_W"&$C16) -> 0
A17: 46183 | B17: T1 | C17: 1 | D17: planche_hold | E17: =IFERROR(INDEX('B6_Exercise_Library'!$D$4:$D$43,MATCH($D17,'B6_Exercise_Library'!$A$4:$A$43,0)),"") -> 0 | F17: NA | G17: 4 | I17: 0 | J17: 8 | K17: 1 | L17: 2 | M17: 8 | O17: 1x Advanced Tuck versucht (nicht moeglich) + 3x8s Tuck Planche; schwaecher als sonst | P17: =IF($B17="","",$B17&"_W"&$C17) -> 0
A18: 46183 | B18: T1 | C18: 1 | D18: WPU | E18: =IFERROR(INDEX('B6_Exercise_Library'!$D$4:$D$43,MATCH($D18,'B6_Exercise_Library'!$A$4:$A$43,0)),"") -> 0 | F18: NA | G18: 4 | H18: 1x3@40, 3x4@35 | I18: 40 | J18: 9 | K18: 1 | O18: Satz1: 40 kg x3; Satz2-4: 35 kg x4; RPE 8-9 | P18: =IF($B18="","",$B18&"_W"&$C18) -> 0

Sheet B6_Nutrition_Targets
A1: B6 — Nutrition Targets (Maintenance, KEIN Defizit)
A3: Eingaben / Konstanten
A4: Aktuelles Gewicht (kg) | B4: 80.8 | C4: CF: ausserhalb 80,5-81,0 wird rot markiert.
A5: Zielkorridor (kg) | B5: 80,5 - 81,0
A6: Protein g/kg | B6: 2.2 | C6: Protein 2,1-2,3 g/kg (~170-185 g). Fett >=0,8 g/kg. Rest = Carbs um Training.
A7: Fett g/kg (Minimum) | B7: 0.9
A8: Maintenance Basis (kcal) | B8: 2700
A9: Protein-Ziel (g) [Formel] | B9: =ROUND(BW*B6,0) -> 0
A10: Fett-Minimum (g) [Formel] | B10: =ROUND(BW*B7,0) -> 0
A12: Day-Types: kcal & Makros (Carbs per Formel = Rest)
A13: Day Type | B13: kcal-Delta | C13: kcal-Ziel | D13: Protein (g) | E13: Fett (g) | F13: Carbs (g) | G13: Hinweis
A14: T1 (CNS/heavy) | B14: 250 | C14: =$B$8+B14 -> 0 | D14: =$B$9 -> 0 | E14: =$B$10 -> 0 | F14: =ROUND((C14-D14*4-E14*9)/4,0) -> 0 | G14: Mini-Refeed-Option: mehr Carbs vor schwerem Skill-Tag
A15: T2 | B15: 150 | C15: =$B$8+B15 -> 0 | D15: =$B$9 -> 0 | E15: =$B$10 -> 0 | F15: =ROUND((C15-D15*4-E15*9)/4,0) -> 0 | G15: Pull-Volumen, moderate Carbs
A16: T3 (Beine) | B16: 200 | C16: =$B$8+B16 -> 0 | D16: =$B$9 -> 0 | E16: =$B$10 -> 0 | F16: =ROUND((C16-D16*4-E16*9)/4,0) -> 0 | G16: Beinlast, Carbs hoch
A17: T4 (Flag) | B17: 150 | C17: =$B$8+B17 -> 0 | D17: =$B$9 -> 0 | E17: =$B$10 -> 0 | F17: =ROUND((C17-D17*4-E17*9)/4,0) -> 0 | G17: Skill-lastig, Carbs moderat-hoch
A18: T5 (Pump) | B18: 100 | C18: =$B$8+B18 -> 0 | D18: =$B$9 -> 0 | E18: =$B$10 -> 0 | F18: =ROUND((C18-D18*4-E18*9)/4,0) -> 0 | G18: Hypertrophie getrimmt
A19: Rest | B19: -150 | C19: =$B$8+B19 -> 0 | D19: =$B$9 -> 0 | E19: =$B$10 -> 0 | F19: =ROUND((C19-D19*4-E19*9)/4,0) -> 0 | G19: Ruhetag, Carbs runter, Protein halten
A21: Anpass-Trigger
A22: BW < 80,2 kg UND Performance runter -> +100 bis +150 kcal (zuerst Carbs).
A23: BW > 82 kg schnell UND Taille schlechter -> -100 bis -150 kcal.
A24: Vor schweren Skill-Tagen (T1/T4): optionaler Mini-Refeed (Carbs +).
A25: KEIN Defizit in diesem Block — Ziel ist Performance auf Maintenance.

Sheet B6_Rules
A1: B6 — Rules (Gates, Hinge-Rebuild, BWS-Protokoll, Referenzen)
A3: Vier-Stufen-Gates (Pain 0-10, Quality 0-5, RPE)
A4: Bereich | B4: GREEN | C4: YELLOW | D4: ORANGE | E4: RED
A5: General | B5: Pain 0-2, Quality 4-5, RPE planmaessig -> Last/Volumen leicht hoch | C5: Pain 3 ODER Quality 3 -> Last halten, Technik priorisieren | D5: Pain 3 + Morgen schlechter -> 1 Stufe regredieren, Volumen kuerzen | E5: Pain >=4 / scharf / neurologisch -> Uebung STOP, ggf. abklaeren
A6: 90 Push-up | B6: Rep 1 sauber, kein Schmerz -> Cluster/Last steigern | C6: 2. Rep Formverlust -> bei Singles bleiben, Hebel/Kraftdach | D6: Schulter sperrt/Beschwerden -> auf Negativ+Pause zurueck | E6: Schmerz Schulter/Ellbogen scharf -> stoppen
A7: OAHS / Flag | B7: saubere Holds, Return kontrolliert -> Support reduzieren | C7: wackelig/rechts sperrt -> Support halten, mehr Reps rechts | D7: Re-Entry unsauber -> Support erhoehen, Geometrie ueben | E7: Schulter scharf / Kontrollverlust -> stoppen
A8: Back / Hinge | B8: Pain 0-1, Pattern sauber -> Hinge-Level +1 (Rules-Leiter) | C8: Pain 2 -> Level halten, Volumen niedrig | D8: Pain 3 ODER Morgen schlechter -> Level -1, kein Hinge-Load | E8: Pain >=4 / Ausstrahlen / Taubheit -> STOP, abklaeren
A9: Wrist / Handgelenk | B9: Pain 0-2, kein Ziehen -> normal laden, Wrist-Prep | C9: Leichtes Ziehen (z.B. ulnar/Pisiform) -> auf Canes/Parallettes, Volumen runter, Hand neu setzen | D9: Ziehen nimmt zu / Morgen schlechter -> OAHS-Last raus, nur Prep/Mobility | E9: Scharf / Taubheit / Kribbeln -> stoppen, abklaeren
A11: Skill-Progressionsregeln
A12: • Hoch nur bei GREEN ueber min. 2 Sessions: Last/Hold/Support eine Stufe.
A13: • Runter sofort bei ORANGE/RED oder wenn naechster Morgen schlechter.
A14: • 90: Weg zu 3 Reps = Kraftdach anheben (Rep 1 submax) + Cluster-Strength-Endurance + sauberer Hebel. Nie Failure default.
A15: • OAHS Flag-Pfad: supported Pre-Flag -> Sideline-Hold -> reduzierter Support -> seltene freie Versuche. Support nur senken wenn Re-Entry sauber.
A16: • Schwaechere (rechte) Seite leicht bevorzugen: mehr Reps/Holds, Overhead-/BWS-Mobility.
A17: • Skill immer zuerst und frisch; bei Qualitaetsverlust ZUERST Push-Akzessorik kuerzen, nicht den Skill.
A19: Hinge-Rebuild-Leiter (Level 0-3) — KEIN schwerer / Barbell-Hinge in diesem Block
A20: Level | B20: Allowed when | C20: Exercises | D20: Prescription | E20: Move up when
A21: 0 | B21: Pain bei Dowel-Hinge 0-1, ADL schmerzfrei | C21: Dowel Hip-Hinge, Hip-Airplane leicht, Back-Ext Iso (kurz) | D21: 2-3x5-8 Pattern, Iso 2-3x10-20s, taeglich moeglich | E21: 2 Sessions GREEN, Morgen ok
A22: 1 | B22: Level 0 GREEN stabil | C22: Hip-Thrust leicht, 45 Grad Back-Ext (BW), Bird-Dog | D22: 2-3x8-12, RPE<=6, schmerzfrei | E22: 2 Sessions GREEN, kein Naechst-Morgen-Reiz
A23: 2 | B23: Level 1 GREEN | C23: Hip-Thrust moderat, KB Deadlift LEICHT (Pattern), Ham Curl betont | D23: 3x8-10, RPE 6-7 | E23: 2 Sessions GREEN
A24: 3 | B24: Level 2 GREEN (Ende Block / B7) | C24: Trap-Bar / RDL LEICHT-moderat (erst naechster Block) | D24: 2-3x6-8, RPE<=7 — NICHT in B6 | E24: Naechster Block, schmerzfrei
A25: WICHTIG: In B6 maximal Level 2. Kein schwerer Barbell-Hinge, keine Max-Grinds als Default.
A27: BWS-Mobility-Protokoll (Einklemm-Thema, KEINE Diagnose)
A28: • Extension: Foam-Roller BWS-Extension 2x8-10; Quadruped T-Spine Extension.
A29: • Rotation: Open-Book / Quadruped Rotation 2x6-8/Seite, langsam.
A30: • Rib-Position: 'ribs down', Bauch-Atmung im 90/90, 3-4 Atemzuege; kein Flaring unter Overhead-Last.
A31: • Atmung/Downshift: 5 min nasale Ausatem-betonte Atmung am Sessionende (Parasympathikus).
A32: • Platzierung: voll an T3 & T5, Kurzversion im taeglichen Warm-up. Monitoren via Pain-Spalte im Log.
A34: Referenzen (Quelle | URL | wofuer)
A35: Quelle | B35: URL | C35: Wofuer
A36: Schoenfeld u.a. (PMC8884877) | B36: https://pmc.ncbi.nlm.nih.gov/articles/PMC8884877/ | C36: Hypertrophie-Volumen ~12-20 Saetze/Muskel (individuell)
A37: Load/Reps Kraft vs. Hypertrophie (PMC7927075) | B37: https://pmc.ncbi.nlm.nih.gov/articles/PMC7927075/ | C37: Last-/Rep-Bereiche Kraft vs. Hypertrophie
A38: Handstand Factory | B38: https://handstandfactory.com/one-arm-shapes/ | C38: OAHS One-Arm-Shapes (Prereqs, fortgeschritten)
A39: Berg Movement | B39: https://www.bergmovement.com/calisthenics-blog/one-arm-handstand-drills-and-progressions-beginner | C39: OAHS Drills/Progressionen
A40: Berg Movement | B40: https://www.bergmovement.com/calisthenics-blog/90-degree-push-up-tutorial | C40: 90 Push-up Tutorial/Definition
A41: YouTube | B41: https://www.youtube.com/watch?v=hLKoKIAp6Eg | C41: 90 Progressionen (Negativ/Band/Momentum)
A42: The Barbell Physio | B42: https://thebarbellphysio.com/returning-to-deadlifts-after-back-pain/ | C42: Return-to-Deadlift nach Rueckenschmerz (Hinge zuerst)

Sheet B6_Weekly_Summary
A1: B6 — Weekly Summary (automatisch aus B6_Training_Log)
A2: Alle Werte per Formel ueber feste Bereiche. Angehaengte Log-Zeilen fliessen automatisch ein.
A3: Metrik | B3: W1 | C3: W2 | D3: W3 | E3: W4 | F3: Block gesamt
A4: Push — effektive Saetze (90/Planche/Push) | B4: =SUMIFS('B6_Training_Log'!$G$2:$G$1000,'B6_Training_Log'!$E$2:$E$1000,"Skill90",'B6_Training_Log'!$C$2:$C$1000,1)+SUMIFS('B6_Training_Log'!$G$2:$G$1000,'B6_Training_Log'!$E$2:$E$1000,"Planche",'B6_Training_Log'!$C$2:$C$1000,1)+SUMIFS('B6_Training_Log'!$G$2:$G$1000,'B6_Training_Log'!$E$2:$E$1000,"Push",'B6_Training_Log'!$C$2:$C$1000,1) -> 0 | C4: =SUMIFS('B6_Training_Log'!$G$2:$G$1000,'B6_Training_Log'!$E$2:$E$1000,"Skill90",'B6_Training_Log'!$C$2:$C$1000,2)+SUMIFS('B6_Training_Log'!$G$2:$G$1000,'B6_Training_Log'!$E$2:$E$1000,"Planche",'B6_Training_Log'!$C$2:$C$1000,2)+SUMIFS('B6_Training_Log'!$G$2:$G$1000,'B6_Training_Log'!$E$2:$E$1000,"Push",'B6_Training_Log'!$C$2:$C$1000,2) -> 0 | D4: =SUMIFS('B6_Training_Log'!$G$2:$G$1000,'B6_Training_Log'!$E$2:$E$1000,"Skill90",'B6_Training_Log'!$C$2:$C$1000,3)+SUMIFS('B6_Training_Log'!$G$2:$G$1000,'B6_Training_Log'!$E$2:$E$1000,"Planche",'B6_Training_Log'!$C$2:$C$1000,3)+SUMIFS('B6_Training_Log'!$G$2:$G$1000,'B6_Training_Log'!$E$2:$E$1000,"Push",'B6_Training_Log'!$C$2:$C$1000,3) -> 0 | E4: =SUMIFS('B6_Training_Log'!$G$2:$G$1000,'B6_Training_Log'!$E$2:$E$1000,"Skill90",'B6_Training_Log'!$C$2:$C$1000,4)+SUMIFS('B6_Training_Log'!$G$2:$G$1000,'B6_Training_Log'!$E$2:$E$1000,"Planche",'B6_Training_Log'!$C$2:$C$1000,4)+SUMIFS('B6_Training_Log'!$G$2:$G$1000,'B6_Training_Log'!$E$2:$E$1000,"Push",'B6_Training_Log'!$C$2:$C$1000,4) -> 0 | F4: =SUMIFS('B6_Training_Log'!$G$2:$G$1000,'B6_Training_Log'!$E$2:$E$1000,"Skill90")+SUMIFS('B6_Training_Log'!$G$2:$G$1000,'B6_Training_Log'!$E$2:$E$1000,"Planche")+SUMIFS('B6_Training_Log'!$G$2:$G$1000,'B6_Training_Log'!$E$2:$E$1000,"Push") -> 0
A5: Pull — effektive Saetze | B5: =SUMIFS('B6_Training_Log'!$G$2:$G$1000,'B6_Training_Log'!$E$2:$E$1000,"Pull",'B6_Training_Log'!$C$2:$C$1000,1) -> 0 | C5: =SUMIFS('B6_Training_Log'!$G$2:$G$1000,'B6_Training_Log'!$E$2:$E$1000,"Pull",'B6_Training_Log'!$C$2:$C$1000,2) -> 0 | D5: =SUMIFS('B6_Training_Log'!$G$2:$G$1000,'B6_Training_Log'!$E$2:$E$1000,"Pull",'B6_Training_Log'!$C$2:$C$1000,3) -> 0 | E5: =SUMIFS('B6_Training_Log'!$G$2:$G$1000,'B6_Training_Log'!$E$2:$E$1000,"Pull",'B6_Training_Log'!$C$2:$C$1000,4) -> 0 | F5: =SUMIFS('B6_Training_Log'!$G$2:$G$1000,'B6_Training_Log'!$E$2:$E$1000,"Pull") -> 0
A6: Legs — effektive Saetze | B6: =SUMIFS('B6_Training_Log'!$G$2:$G$1000,'B6_Training_Log'!$E$2:$E$1000,"Legs",'B6_Training_Log'!$C$2:$C$1000,1) -> 0 | C6: =SUMIFS('B6_Training_Log'!$G$2:$G$1000,'B6_Training_Log'!$E$2:$E$1000,"Legs",'B6_Training_Log'!$C$2:$C$1000,2) -> 0 | D6: =SUMIFS('B6_Training_Log'!$G$2:$G$1000,'B6_Training_Log'!$E$2:$E$1000,"Legs",'B6_Training_Log'!$C$2:$C$1000,3) -> 0 | E6: =SUMIFS('B6_Training_Log'!$G$2:$G$1000,'B6_Training_Log'!$E$2:$E$1000,"Legs",'B6_Training_Log'!$C$2:$C$1000,4) -> 0 | F6: =SUMIFS('B6_Training_Log'!$G$2:$G$1000,'B6_Training_Log'!$E$2:$E$1000,"Legs") -> 0
A7: 90 — Touches (Eintraege) | B7: =COUNTIFS('B6_Training_Log'!$D$2:$D$1000,"90",'B6_Training_Log'!$C$2:$C$1000,1) -> 0 | C7: =COUNTIFS('B6_Training_Log'!$D$2:$D$1000,"90",'B6_Training_Log'!$C$2:$C$1000,2) -> 0 | D7: =COUNTIFS('B6_Training_Log'!$D$2:$D$1000,"90",'B6_Training_Log'!$C$2:$C$1000,3) -> 0 | E7: =COUNTIFS('B6_Training_Log'!$D$2:$D$1000,"90",'B6_Training_Log'!$C$2:$C$1000,4) -> 0 | F7: =COUNTIF('B6_Training_Log'!$D$2:$D$1000,"90") -> 0
A8: 90 — saubere Reps gesamt | B8: =SUMIFS('B6_Training_Log'!$N$2:$N$1000,'B6_Training_Log'!$D$2:$D$1000,"90",'B6_Training_Log'!$C$2:$C$1000,1) -> 0 | C8: =SUMIFS('B6_Training_Log'!$N$2:$N$1000,'B6_Training_Log'!$D$2:$D$1000,"90",'B6_Training_Log'!$C$2:$C$1000,2) -> 0 | D8: =SUMIFS('B6_Training_Log'!$N$2:$N$1000,'B6_Training_Log'!$D$2:$D$1000,"90",'B6_Training_Log'!$C$2:$C$1000,3) -> 0 | E8: =SUMIFS('B6_Training_Log'!$N$2:$N$1000,'B6_Training_Log'!$D$2:$D$1000,"90",'B6_Training_Log'!$C$2:$C$1000,4) -> 0 | F8: =SUMIFS('B6_Training_Log'!$N$2:$N$1000,'B6_Training_Log'!$D$2:$D$1000,"90") -> 0
A9: OAHS — Skill-Bloecke (Eintraege) | B9: =COUNTIFS('B6_Training_Log'!$E$2:$E$1000,"SkillOAHS",'B6_Training_Log'!$C$2:$C$1000,1) -> 0 | C9: =COUNTIFS('B6_Training_Log'!$E$2:$E$1000,"SkillOAHS",'B6_Training_Log'!$C$2:$C$1000,2) -> 0 | D9: =COUNTIFS('B6_Training_Log'!$E$2:$E$1000,"SkillOAHS",'B6_Training_Log'!$C$2:$C$1000,3) -> 0 | E9: =COUNTIFS('B6_Training_Log'!$E$2:$E$1000,"SkillOAHS",'B6_Training_Log'!$C$2:$C$1000,4) -> 0 | F9: =COUNTIF('B6_Training_Log'!$E$2:$E$1000,"SkillOAHS") -> 0
A10: Planche — Dosen (Eintraege) | B10: =COUNTIFS('B6_Training_Log'!$E$2:$E$1000,"Planche",'B6_Training_Log'!$C$2:$C$1000,1) -> 0 | C10: =COUNTIFS('B6_Training_Log'!$E$2:$E$1000,"Planche",'B6_Training_Log'!$C$2:$C$1000,2) -> 0 | D10: =COUNTIFS('B6_Training_Log'!$E$2:$E$1000,"Planche",'B6_Training_Log'!$C$2:$C$1000,3) -> 0 | E10: =COUNTIFS('B6_Training_Log'!$E$2:$E$1000,"Planche",'B6_Training_Log'!$C$2:$C$1000,4) -> 0 | F10: =COUNTIF('B6_Training_Log'!$E$2:$E$1000,"Planche") -> 0
A11: OAHS Best-Hold links (s) | B11: =MAXIFS('B6_Training_Log'!$M$2:$M$1000,'B6_Training_Log'!$E$2:$E$1000,"SkillOAHS",'B6_Training_Log'!$F$2:$F$1000,"L",'B6_Training_Log'!$C$2:$C$1000,1) -> 0 | C11: =MAXIFS('B6_Training_Log'!$M$2:$M$1000,'B6_Training_Log'!$E$2:$E$1000,"SkillOAHS",'B6_Training_Log'!$F$2:$F$1000,"L",'B6_Training_Log'!$C$2:$C$1000,2) -> 0 | D11: =MAXIFS('B6_Training_Log'!$M$2:$M$1000,'B6_Training_Log'!$E$2:$E$1000,"SkillOAHS",'B6_Training_Log'!$F$2:$F$1000,"L",'B6_Training_Log'!$C$2:$C$1000,3) -> 0 | E11: =MAXIFS('B6_Training_Log'!$M$2:$M$1000,'B6_Training_Log'!$E$2:$E$1000,"SkillOAHS",'B6_Training_Log'!$F$2:$F$1000,"L",'B6_Training_Log'!$C$2:$C$1000,4) -> 0 | F11: =MAXIFS('B6_Training_Log'!$M$2:$M$1000,'B6_Training_Log'!$E$2:$E$1000,"SkillOAHS",'B6_Training_Log'!$F$2:$F$1000,"L") -> 0
A12: OAHS Best-Hold rechts (s) | B12: =MAXIFS('B6_Training_Log'!$M$2:$M$1000,'B6_Training_Log'!$E$2:$E$1000,"SkillOAHS",'B6_Training_Log'!$F$2:$F$1000,"R",'B6_Training_Log'!$C$2:$C$1000,1) -> 0 | C12: =MAXIFS('B6_Training_Log'!$M$2:$M$1000,'B6_Training_Log'!$E$2:$E$1000,"SkillOAHS",'B6_Training_Log'!$F$2:$F$1000,"R",'B6_Training_Log'!$C$2:$C$1000,2) -> 0 | D12: =MAXIFS('B6_Training_Log'!$M$2:$M$1000,'B6_Training_Log'!$E$2:$E$1000,"SkillOAHS",'B6_Training_Log'!$F$2:$F$1000,"R",'B6_Training_Log'!$C$2:$C$1000,3) -> 0 | E12: =MAXIFS('B6_Training_Log'!$M$2:$M$1000,'B6_Training_Log'!$E$2:$E$1000,"SkillOAHS",'B6_Training_Log'!$F$2:$F$1000,"R",'B6_Training_Log'!$C$2:$C$1000,4) -> 0 | F12: =MAXIFS('B6_Training_Log'!$M$2:$M$1000,'B6_Training_Log'!$E$2:$E$1000,"SkillOAHS",'B6_Training_Log'!$F$2:$F$1000,"R") -> 0
A13: Flag Best-Hold links (s) | B13: =MAXIFS('B6_Training_Log'!$M$2:$M$1000,'B6_Training_Log'!$E$2:$E$1000,"SkillFlag",'B6_Training_Log'!$F$2:$F$1000,"L",'B6_Training_Log'!$C$2:$C$1000,1) -> 0 | C13: =MAXIFS('B6_Training_Log'!$M$2:$M$1000,'B6_Training_Log'!$E$2:$E$1000,"SkillFlag",'B6_Training_Log'!$F$2:$F$1000,"L",'B6_Training_Log'!$C$2:$C$1000,2) -> 0 | D13: =MAXIFS('B6_Training_Log'!$M$2:$M$1000,'B6_Training_Log'!$E$2:$E$1000,"SkillFlag",'B6_Training_Log'!$F$2:$F$1000,"L",'B6_Training_Log'!$C$2:$C$1000,3) -> 0 | E13: =MAXIFS('B6_Training_Log'!$M$2:$M$1000,'B6_Training_Log'!$E$2:$E$1000,"SkillFlag",'B6_Training_Log'!$F$2:$F$1000,"L",'B6_Training_Log'!$C$2:$C$1000,4) -> 0 | F13: =MAXIFS('B6_Training_Log'!$M$2:$M$1000,'B6_Training_Log'!$E$2:$E$1000,"SkillFlag",'B6_Training_Log'!$F$2:$F$1000,"L") -> 0
A14: Flag Best-Hold rechts (s) | B14: =MAXIFS('B6_Training_Log'!$M$2:$M$1000,'B6_Training_Log'!$E$2:$E$1000,"SkillFlag",'B6_Training_Log'!$F$2:$F$1000,"R",'B6_Training_Log'!$C$2:$C$1000,1) -> 0 | C14: =MAXIFS('B6_Training_Log'!$M$2:$M$1000,'B6_Training_Log'!$E$2:$E$1000,"SkillFlag",'B6_Training_Log'!$F$2:$F$1000,"R",'B6_Training_Log'!$C$2:$C$1000,2) -> 0 | D14: =MAXIFS('B6_Training_Log'!$M$2:$M$1000,'B6_Training_Log'!$E$2:$E$1000,"SkillFlag",'B6_Training_Log'!$F$2:$F$1000,"R",'B6_Training_Log'!$C$2:$C$1000,3) -> 0 | E14: =MAXIFS('B6_Training_Log'!$M$2:$M$1000,'B6_Training_Log'!$E$2:$E$1000,"SkillFlag",'B6_Training_Log'!$F$2:$F$1000,"R",'B6_Training_Log'!$C$2:$C$1000,4) -> 0 | F14: =MAXIFS('B6_Training_Log'!$M$2:$M$1000,'B6_Training_Log'!$E$2:$E$1000,"SkillFlag",'B6_Training_Log'!$F$2:$F$1000,"R") -> 0
A15: Core — Saetze | B15: =SUMIFS('B6_Training_Log'!$G$2:$G$1000,'B6_Training_Log'!$E$2:$E$1000,"Core",'B6_Training_Log'!$C$2:$C$1000,1) -> 0 | C15: =SUMIFS('B6_Training_Log'!$G$2:$G$1000,'B6_Training_Log'!$E$2:$E$1000,"Core",'B6_Training_Log'!$C$2:$C$1000,2) -> 0 | D15: =SUMIFS('B6_Training_Log'!$G$2:$G$1000,'B6_Training_Log'!$E$2:$E$1000,"Core",'B6_Training_Log'!$C$2:$C$1000,3) -> 0 | E15: =SUMIFS('B6_Training_Log'!$G$2:$G$1000,'B6_Training_Log'!$E$2:$E$1000,"Core",'B6_Training_Log'!$C$2:$C$1000,4) -> 0 | F15: =SUMIFS('B6_Training_Log'!$G$2:$G$1000,'B6_Training_Log'!$E$2:$E$1000,"Core") -> 0
A16: Durchschnitt TopRPE | B16: =IFERROR(AVERAGEIFS('B6_Training_Log'!$J$2:$J$1000,'B6_Training_Log'!$C$2:$C$1000,1),0) -> 0 | C16: =IFERROR(AVERAGEIFS('B6_Training_Log'!$J$2:$J$1000,'B6_Training_Log'!$C$2:$C$1000,2),0) -> 0 | D16: =IFERROR(AVERAGEIFS('B6_Training_Log'!$J$2:$J$1000,'B6_Training_Log'!$C$2:$C$1000,3),0) -> 0 | E16: =IFERROR(AVERAGEIFS('B6_Training_Log'!$J$2:$J$1000,'B6_Training_Log'!$C$2:$C$1000,4),0) -> 0 | F16: =IFERROR(AVERAGE('B6_Training_Log'!$J$2:$J$1000),0) -> 0
A17: Durchschnitt Pain | B17: =IFERROR(AVERAGEIFS('B6_Training_Log'!$K$2:$K$1000,'B6_Training_Log'!$C$2:$C$1000,1),0) -> 0 | C17: =IFERROR(AVERAGEIFS('B6_Training_Log'!$K$2:$K$1000,'B6_Training_Log'!$C$2:$C$1000,2),0) -> 0 | D17: =IFERROR(AVERAGEIFS('B6_Training_Log'!$K$2:$K$1000,'B6_Training_Log'!$C$2:$C$1000,3),0) -> 0 | E17: =IFERROR(AVERAGEIFS('B6_Training_Log'!$K$2:$K$1000,'B6_Training_Log'!$C$2:$C$1000,4),0) -> 0 | F17: =IFERROR(AVERAGE('B6_Training_Log'!$K$2:$K$1000),0) -> 0
A18: Pain-Flags >=4 | B18: =COUNTIFS('B6_Training_Log'!$K$2:$K$1000,">=4",'B6_Training_Log'!$C$2:$C$1000,1) -> 0 | C18: =COUNTIFS('B6_Training_Log'!$K$2:$K$1000,">=4",'B6_Training_Log'!$C$2:$C$1000,2) -> 0 | D18: =COUNTIFS('B6_Training_Log'!$K$2:$K$1000,">=4",'B6_Training_Log'!$C$2:$C$1000,3) -> 0 | E18: =COUNTIFS('B6_Training_Log'!$K$2:$K$1000,">=4",'B6_Training_Log'!$C$2:$C$1000,4) -> 0 | F18: =COUNTIF('B6_Training_Log'!$K$2:$K$1000,">=4") -> 0
A19: Geloggte Zeilen | B19: =COUNTIFS('B6_Training_Log'!$C$2:$C$1000,1) -> 0 | C19: =COUNTIFS('B6_Training_Log'!$C$2:$C$1000,2) -> 0 | D19: =COUNTIFS('B6_Training_Log'!$C$2:$C$1000,3) -> 0 | E19: =COUNTIFS('B6_Training_Log'!$C$2:$C$1000,4) -> 0 | F19: =COUNTA('B6_Training_Log'!$A$2:$A$1000) -> 0

Sheet Log_Guide
A1: Log_Guide — Bedien- & Voice-Anleitung (Google-Sheets-Version)
A3: Schema B6_Training_Log (genaue Reihenfolge)
A4: Spalte | B4: Typ / Validierung | C4: Bedeutung
A5: Date | B5: echtes Datum | C5: Trainingstag ('heute' = aktuelles Datum)
A6: DayType | B6: Dropdown T1-T5, Rest | C6: Session-Typ
A7: Week | B7: 1-4 | C7: Mesozyklus-Woche
A8: ExerciseID | B8: Dropdown aus Library | C8: Uebung/Skill
A9: Category | B9: FORMEL (INDEX/MATCH) | C9: Auto-Kategorie — NICHT manuell
A10: Side | B10: Dropdown L,R,NA | C10: Seite (OAHS/unilateral), sonst NA
A11: Sets | B11: Zahl | C11: Anzahl Saetze/Bloecke
A12: Reps_or_Scheme | B12: Text | C12: z.B. 8 oder 5/3/1 oder Holds-Anzahl
A13: Load_kg | B13: Zahl | C13: Zusatzlast (BW-Uebungen = 0)
A14: TopRPE | B14: 0-10 (0,5er) | C14: hoechste RPE des Eintrags
A15: Pain_0_10 | B15: 0-10 | C15: Schmerz waehrend/dazu
... A20: Key | B20: FORMEL =DayType&"_W"&Week | C20: fuer Rollups — NICHT manuell
A22: Regeln fuer das Logging-Modell
A23: • Append-only: neue Eintraege IMMER unten anhaengen, nichts ueberschreiben.
A24: • Alias -> ExerciseID ueber B6_Exercise_Library mappen. Bei nicht eindeutigem Begriff EINE kurze Rueckfrage, sonst nicht nachfragen.
A25: • Nicht zutreffende Felder = NA oder leer (z.B. BestHold_s bei einer Kraftuebung).
A26: • Category und Key werden per Formel/Skript gefuellt — NICHT manuell eintragen.
A27: • Datum als echtes Datum; 'heute' = aktuelles Datum.
A28: • Eine Zeile pro Uebung pro Session. OAHS/Flag mit beiden Seiten -> zwei Zeilen (Side=L und Side=R).
A30: Beispiel-Diktate -> exakte Zeile(n)
A31: # | B31: Diktat | C31: Resultierende Zeile(n)
A32: 1 | B32: Heute T1, Woche 2. 90 Grad, 5 Saetze, je 1 saubere Wiederholung, RPE 8,5, Ruecken 1, Handgelenk gut. | C32: Date=heute, DayType=T1, Week=2, ExerciseID=90, Side=NA, Sets=5, Reps_or_Scheme=1, Load_kg=0, TopRPE=8.5, Pain_0_10=1, CleanReps=5, Notes=Handgelenk gut (Category/Key auto)
A33: 2 | B33: OAHS Holds, links 3 Holds bester 7 Sekunden Qualitaet 4, rechts 2 Holds bester 4 Sekunden Qualitaet 3. | C33: ZWEI Zeilen, ExerciseID=OAHS_line: (Side=L, Sets=3, BestHold_s=7, Quality_0_5=4) und (Side=R, Sets=2, BestHold_s=4, Quality_0_5=3)
A34: 3 | B34: Weighted Pull-up 4 Saetze 4 Wiederholungen plus 20 Kilo RPE 7. | C34: ExerciseID=WPU, Category(auto)=Pull, Side=NA, Sets=4, Reps_or_Scheme=4, Load_kg=20, TopRPE=7
A35: 4 | B35: Supported Flag links 4 Entries Qualitaet 4 Ruecken 2. | C35: ExerciseID=OAHS_flag_supported, Side=L, Sets=4, Quality_0_5=4, Pain_0_10=2
A36: 5 | B36: Pseudo Planche Push-up 3 mal 8 RPE 8. | C36: ExerciseID=pseudo_planche_pushup, Category(auto)=Planche, Sets=3, Reps_or_Scheme=8, TopRPE=8
A37: 6 | B37: T3 Woche 1, Hinge mit Dowel 3 Reps Ruecken 1, dann Beinpresse 3 mal 12 mit 120 Kilo RPE 7. | C37: ZWEI Zeilen: (ExerciseID=hinge_pattern, Sets=3, Reps_or_Scheme=3, Pain_0_10=1) und (ExerciseID=leg_press, Sets=3, Reps_or_Scheme=12, Load_kg=120, TopRPE=7)
A39: Kurze Bedienanleitung
A40: 1) Taeglich: pro Uebung EINE Zeile unten in B6_Training_Log anhaengen (Dropdowns nutzen). Skill zuerst loggen.
A41: 2) Voice: diktiere DayType, Woche, Uebung (Alias reicht), Saetze/Reps/Last, RPE, Pain, ggf. Quality/Hold/Seite.
A42: 3) Category & Key fuellen sich per Formel/Skript. Niemals ueberschreiben.
A43: 4) B6_Weekly_Summary und B6_Dashboard aktualisieren sich automatisch.
A44: 5) PLAN anpassen: in B6_Plan_Detail / B6_Schedule. TRACKING anpassen: nur in B6_Training_Log.
A45: 6) Gates & Hinge-Leiter in B6_Rules befolgen. Ernaehrung in B6_Nutrition_Targets (Maintenance).
A46: 7) Folgeblock B7: Sheets klonen, BlockCode (B6_Dashboard!B3) auf B7 setzen, Prefix anpassen.
