Workbook

Sheet Lead-Tracking 2026
A1: FITSHOP
A2: LEAD-TRACKING 2026 · Hall/Tirol
A3: Lead-Nr | B3: Datum | C3: Mitarbeiter | D3: Kunde | E3: Kontakt | F3: Kategorie | G3: Favorit (Modell+Preis) | H3: Alternative | I3: Typ | J3: Offener Punkt | K3: Einwand | L3: KR | M3: Status | N3: Naechster Schritt | O3: Check-Datum | P3: Angebotswert EUR | Q3: Abschluss | R3: Verlustgrund | S3: Notiz | T3: A
T4: =IF(M4="","",IF(OR(M4="Kauf abgeschlossen",M4="Verloren",M4="Warten auf Raum"),"o",IF(O4="","",IF(O4<TODAY(),"!",IF(O4<=TODAY()+1,"~","ok")))))
T5: =IF(M5="","",IF(OR(M5="Kauf abgeschlossen",M5="Verloren",M5="Warten auf Raum"),"o",IF(O5="","",IF(O5<TODAY(),"!",IF(O5<=TODAY()+1,"~","ok")))))
T6: =IF(M6="","",IF(OR(M6="Kauf abgeschlossen",M6="Verloren",M6="Warten auf Raum"),"o",IF(O6="","",IF(O6<TODAY(),"!",IF(O6<=TODAY()+1,"~","ok")))))
T7: =IF(M7="","",IF(OR(M7="Kauf abgeschlossen",M7="Verloren",M7="Warten auf Raum"),"o",IF(O7="","",IF(O7<TODAY(),"!",IF(O7<=TODAY()+1,"~","ok")))))
T8: =IF(M8="","",IF(OR(M8="Kauf abgeschlossen",M8="Verloren",M8="Warten auf Raum"),"o",IF(O8="","",IF(O8<TODAY(),"!",IF(O8<=TODAY()+1,"~","ok")))))
T9: =IF(M9="","",IF(OR(M9="Kauf abgeschlossen",M9="Verloren",M9="Warten auf Raum"),"o",IF(O9="","",IF(O9<TODAY(),"!",IF(O9<=TODAY()+1,"~","ok")))))
T10: =IF(M10="","",IF(OR(M10="Kauf abgeschlossen",M10="Verloren",M10="Warten auf Raum"),"o",IF(O10="","",IF(O10<TODAY(),"!",IF(O10<=TODAY()+1,"~","ok")))))
T11: =IF(M11="","",IF(OR(M11="Kauf abgeschlossen",M11="Verloren",M11="Warten auf Raum"),"o",IF(O11="","",IF(O11<TODAY(),"!",IF(O11<=TODAY()+1,"~","ok")))))
T12: =IF(M12="","",IF(OR(M12="Kauf abgeschlossen",M12="Verloren",M12="Warten auf Raum"),"o",IF(O12="","",IF(O12<TODAY(),"!",IF(O12<=TODAY()+1,"~","ok")))))
T13: =IF(M13="","",IF(OR(M13="Kauf abgeschlossen",M13="Verloren",M13="Warten auf Raum"),"o",IF(O13="","",IF(O13<TODAY(),"!",IF(O13<=TODAY()+1,"~","ok")))))
T14: =IF(M14="","",IF(OR(M14="Kauf abgeschlossen",M14="Verloren",M14="Warten auf Raum"),"o",IF(O14="","",IF(O14<TODAY(),"!",IF(O14<=TODAY()+1,"~","ok")))))
T15: =IF(M15="","",IF(OR(M15="Kauf abgeschlossen",M15="Verloren",M15="Warten auf Raum"),"o",IF(O15="","",IF(O15<TODAY(),"!",IF(O15<=TODAY()+1,"~","ok")))))
... T203: =IF(M203="","",IF(OR(M203="Kauf abgeschlossen",M203="Verloren",M203="Warten auf Raum"),"o",IF(O203="","",IF(O203<TODAY(),"!",IF(O203<=TODAY()+1,"~","ok")))))

Sheet KPI Dashboard
A1: FITSHOP
A2: KPI DASHBOARD 2026 · Hall/Tirol
A3: Werte werden automatisch aus dem Lead-Tracking berechnet. Seite aktualisieren mit Strg+Alt+F9
B4: Gesamt | C4: Daniel | D4: Jonas | E4: Angie | F4: Norbert
A5: Leads gesamt | B5: =COUNTA('Lead-Tracking 2026'!A4:A2000) | C5: =COUNTIF('Lead-Tracking 2026'!C4:C2000,"Daniel") | D5: =COUNTIF('Lead-Tracking 2026'!C4:C2000,"Jonas") | E5: =COUNTIF('Lead-Tracking 2026'!C4:C2000,"Angie") | F5: =COUNTIF('Lead-Tracking 2026'!C4:C2000,"Norbert")
A6: Abschluesse (Kauf Ja) | B6: =COUNTIF('Lead-Tracking 2026'!Q4:Q2000,"Ja") | C6: =COUNTIFS('Lead-Tracking 2026'!C4:C2000,"Daniel",'Lead-Tracking 2026'!Q4:Q2000,"Ja") | D6: =COUNTIFS('Lead-Tracking 2026'!C4:C2000,"Jonas",'Lead-Tracking 2026'!Q4:Q2000,"Ja") | E6: =COUNTIFS('Lead-Tracking 2026'!C4:C2000,"Angie",'Lead-Tracking 2026'!Q4:Q2000,"Ja") | F6: =COUNTIFS('Lead-Tracking 2026'!C4:C2000,"Norbert",'Lead-Tracking 2026'!Q4:Q2000,"Ja")
A7: Abschlussquote | B7: =IF(B5=0,"—",B6/B5) | C7: =IF(C5=0,"—",C6/C5) | D7: =IF(D5=0,"—",D6/D5) | E7: =IF(E5=0,"—",E6/E5) | F7: =IF(F5=0,"—",F6/F5)
A8: Offene Leads | B8: =COUNTIF('Lead-Tracking 2026'!Q4:Q2000,"Offen") | C8: =COUNTIFS('Lead-Tracking 2026'!C4:C2000,"Daniel",'Lead-Tracking 2026'!Q4:Q2000,"Offen") | D8: =COUNTIFS('Lead-Tracking 2026'!C4:C2000,"Jonas",'Lead-Tracking 2026'!Q4:Q2000,"Offen") | E8: =COUNTIFS('Lead-Tracking 2026'!C4:C2000,"Angie",'Lead-Tracking 2026'!Q4:Q2000,"Offen") | F8: =COUNTIFS('Lead-Tracking 2026'!C4:C2000,"Norbert",'Lead-Tracking 2026'!Q4:Q2000,"Offen")
A9: Verluste | B9: =COUNTIF('Lead-Tracking 2026'!Q4:Q2000,"Nein") | C9: =COUNTIFS('Lead-Tracking 2026'!C4:C2000,"Daniel",'Lead-Tracking 2026'!Q4:Q2000,"Nein") | D9: =COUNTIFS('Lead-Tracking 2026'!C4:C2000,"Jonas",'Lead-Tracking 2026'!Q4:Q2000,"Nein") | E9: =COUNTIFS('Lead-Tracking 2026'!C4:C2000,"Angie",'Lead-Tracking 2026'!Q4:Q2000,"Nein") | F9: =COUNTIFS('Lead-Tracking 2026'!C4:C2000,"Norbert",'Lead-Tracking 2026'!Q4:Q2000,"Nein")
A10: Heimchecks angelegt | B10: =COUNTIF('Lead-Tracking 2026'!M4:M2000,"Heimcheck angelegt") | C10: =COUNTIFS('Lead-Tracking 2026'!C4:C2000,"Daniel",'Lead-Tracking 2026'!M4:M2000,"Heimcheck angelegt") | D10: =COUNTIFS('Lead-Tracking 2026'!C4:C2000,"Jonas",'Lead-Tracking 2026'!M4:M2000,"Heimcheck angelegt") | E10: =COUNTIFS('Lead-Tracking 2026'!C4:C2000,"Angie",'Lead-Tracking 2026'!M4:M2000,"Heimcheck angelegt") | F10: =COUNTIFS('Lead-Tracking 2026'!C4:C2000,"Norbert",'Lead-Tracking 2026'!M4:M2000,"Heimcheck angelegt")
A11: Umsatz realisiert (EUR) | B11: =SUMIF('Lead-Tracking 2026'!Q4:Q2000,"Ja",'Lead-Tracking 2026'!P4:P2000) | C11: =SUMIFS('Lead-Tracking 2026'!P4:P2000,'Lead-Tracking 2026'!C4:C2000,"Daniel",'Lead-Tracking 2026'!Q4:Q2000,"Ja") | D11: =SUMIFS('Lead-Tracking 2026'!P4:P2000,'Lead-Tracking 2026'!C4:C2000,"Jonas",'Lead-Tracking 2026'!Q4:Q2000,"Ja") | E11: =SUMIFS('Lead-Tracking 2026'!P4:P2000,'Lead-Tracking 2026'!C4:C2000,"Angie",'Lead-Tracking 2026'!Q4:Q2000,"Ja") | F11: =SUMIFS('Lead-Tracking 2026'!P4:P2000,'Lead-Tracking 2026'!C4:C2000,"Norbert",'Lead-Tracking 2026'!Q4:Q2000,"Ja")
A12: Umsatz Pipeline offen (EUR) | B12: =SUMIF('Lead-Tracking 2026'!Q4:Q2000,"Offen",'Lead-Tracking 2026'!P4:P2000) | C12: =SUMIFS('Lead-Tracking 2026'!P4:P2000,'Lead-Tracking 2026'!C4:C2000,"Daniel",'Lead-Tracking 2026'!Q4:Q2000,"Offen") | D12: =SUMIFS('Lead-Tracking 2026'!P4:P2000,'Lead-Tracking 2026'!C4:C2000,"Jonas",'Lead-Tracking 2026'!Q4:Q2000,"Offen") | E12: =SUMIFS('Lead-Tracking 2026'!P4:P2000,'Lead-Tracking 2026'!C4:C2000,"Angie",'Lead-Tracking 2026'!Q4:Q2000,"Offen") | F12: =SUMIFS('Lead-Tracking 2026'!P4:P2000,'Lead-Tracking 2026'!C4:C2000,"Norbert",'Lead-Tracking 2026'!Q4:Q2000,"Offen")
A13: Durchschn. Angebotswert (EUR) | B13: =IFERROR(AVERAGEIF('Lead-Tracking 2026'!P4:P2000,">"&0),"—") | C13: =IFERROR(AVERAGEIFS('Lead-Tracking 2026'!P4:P2000,'Lead-Tracking 2026'!C4:C2000,"Daniel",'Lead-Tracking 2026'!P4:P2000,">"&0),"—") | D13: =IFERROR(AVERAGEIFS('Lead-Tracking 2026'!P4:P2000,'Lead-Tracking 2026'!C4:C2000,"Jonas",'Lead-Tracking 2026'!P4:P2000,">"&0),"—") | E13: =IFERROR(AVERAGEIFS('Lead-Tracking 2026'!P4:P2000,'Lead-Tracking 2026'!C4:C2000,"Angie",'Lead-Tracking 2026'!P4:P2000,">"&0),"—") | F13: =IFERROR(AVERAGEIFS('Lead-Tracking 2026'!P4:P2000,'Lead-Tracking 2026'!C4:C2000,"Norbert",'Lead-Tracking 2026'!P4:P2000,">"&0),"—")
A14: Ueberfaellige Leads (!) | B14: =COUNTIFS('Lead-Tracking 2026'!O4:O2000,"<"&TODAY(),'Lead-Tracking 2026'!Q4:Q2000,"Offen") | C14: =COUNTIFS('Lead-Tracking 2026'!C4:C2000,"Daniel",'Lead-Tracking 2026'!O4:O2000,"<"&TODAY(),'Lead-Tracking 2026'!Q4:Q2000,"Offen") | D14: =COUNTIFS('Lead-Tracking 2026'!C4:C2000,"Jonas",'Lead-Tracking 2026'!O4:O2000,"<"&TODAY(),'Lead-Tracking 2026'!Q4:Q2000,"Offen") | E14: =COUNTIFS('Lead-Tracking 2026'!C4:C2000,"Angie",'Lead-Tracking 2026'!O4:O2000,"<"&TODAY(),'Lead-Tracking 2026'!Q4:Q2000,"Offen") | F14: =COUNTIFS('Lead-Tracking 2026'!C4:C2000,"Norbert",'Lead-Tracking 2026'!O4:O2000,"<"&TODAY(),'Lead-Tracking 2026'!Q4:Q2000,"Offen")
A16: VERLUSTANALYSE
A17: Online | B17: =COUNTIF('Lead-Tracking 2026'!R4:R2000,A17)
A18: Preis | B18: =COUNTIF('Lead-Tracking 2026'!R4:R2000,A18)
A19: Kein Bedarf | B19: =COUNTIF('Lead-Tracking 2026'!R4:R2000,A19)
A20: Konkurrenz | B20: =COUNTIF('Lead-Tracking 2026'!R4:R2000,A20)
A21: Keine Rueckmeldung | B21: =COUNTIF('Lead-Tracking 2026'!R4:R2000,A21)

Sheet Legende
A1: FITSHOP
A2: LEGENDE & REFERENZ 2026 · Hall/Tirol
A4: KUNDENTYPEN (Dropdown: Typ)
A5: Kuerzel | B5: Beschreibung | C5: Strategie
A6: A – Sofortkaeufer | B6: Kauft heute, kein Heimcheck | C6: Direktabschluss
A7: B – Logischer Pruefer | B7: Will Fakten, muss Masse nehmen | C7: Heimcheck vereinbaren
A8: C – Unsicherer | B8: Braucht Bestaetigung oder Partner | C8: Partner einladen
A9: D – Preisfokussierter | B9: Vergleicht online, Budget-sensibel | C9: Mehrwert zeigen
A10: E – Raumplaner | B10: Raum noch nicht fertig | C10: Wiedervorlage in X Mon.
A11: F – Gesundheitskunde | B11: Arzt-/Reha-Empfehlung | C11: Empfehlung aufgreifen
A12: G – Geschenkekaeufer | B12: Kauft fuer jemand anderen | C12: Direkt zum Abschluss
A13: H – Wiederkaeeufer | B13: Kennt Fitshop schon | C13: Upgrade / Ergaenzung
A14: I – Profi/Enthusiast | B14: Sehr technisch, viel Ahnung | C14: Auf Augenhoehe beraten
A15: J – B2B/Verein | B15: Unternehmen, Hotel, Schule, Verein | C15: Angebot + Termin
A17: EINWANDTYPEN (Dropdown: Einwand)
A18: Code | B18: Kunden-Formulierung / Bedeutung | C18: Naechster Schritt
A19: E1 – Masse | B19: Masse unklar / muss noch ausmessen | C19: Heimcheck vereinbaren
A20: E2 – Partner | B20: Partner fehlt / muss noch mit Frau reden | C20: 2. Besuch mit Partner
A21: E3 – Budget | B21: Preis zu hoch / muss noch schauen | C21: Finanzierung zeigen
A22: E4 – Qualitaet | B22: Zweifel an Produkt oder Marke | C22: Testfahrt, Garantie
A23: E5 – Raum | B23: Raum nicht fertig / muss noch schauen obs reinpasst | C23: Wiedervorlage
A24: E6 – Nutzung | B24: Unsicher ob Geraet zum Training passt | C24: Nutzungsanalyse
A25: E7 – Dringlichkeit | B25: Kein Zeitdruck, kein Anlass | C25: Anlass schaffen
A26: E8 – Ausmessen | B26: Muss noch ausmessen (= Masse, Heimcheck) | C26: Heimcheck Termin
A27: E9 – Frau fragen | B27: Muss noch mit Frau/Partner reden | C27: 2. Besuch einladen
A28: E10 – Passt es rein | B28: Muss noch schauen obs reinpasst (Masse/Raum) | C28: Heimcheck + Masse
A30: AMPEL-LEGENDE (Spalte A)
A31: ok | B31: Check-Datum liegt in > 2 Tagen – alles im Plan
A32: ~ | B32: Check-Datum heute oder morgen – sofort handeln
A33: ! | B33: Check-Datum ueberschritten – dringend nachfassen!
A34: o | B34: Abgeschlossen / Verloren / Wartet – kein Follow-up
A36: STATUS-FARBKODIERUNG
A37: Kauf abgeschlossen | B37: Abgeschlossen, kein Follow-up
A38: Heimcheck angelegt | B38: Naechster Schritt: Check-Anruf
A39: Entscheidungscheck geplant | B39: Kurz vor Abschluss – nachfassen
A40: Angebot konkret | B40: Angebot liegt vor
A41: Verloren | B41: Lead verloren – Verlustgrund eintragen
A42: Warten auf Raum | B42: Wiedervorlage in Monaten
